match_id,player1,player2,elapsed_time,p1_sets,p2_sets,p1_games,p2_games,score_lead,Tie_breakers,server,serve_no,point_victor,game_victor,set_victor,p1_ace,p2_ace,p1_winner,p2_winner,p1_double_fault,p2_double_fault,p1_unf_err,p2_unf_err,p1_net_pt,p2_net_pt,p1_net_pt_won,p2_net_pt_won,p1_break_pt,p2_break_pt,p1_break_pt_won,p2_break_pt_won,p1_break_pt_missed,p2_break_pt_missed,p1_distance_run,p2_distance_run,rally_count
2023-wimbledon-1701,Carlos Alcaraz,Novak Djokovic,0:00:00,0,0,0,0,0,0,2,1,1,0,0,0,0,0,0,0,0,0,0,0,0,0,0,0,0,0,0,0,0,5.661,4.341,1
2023-wimbledon-1701,Carlos Alcaraz,Novak Djokovic,0:00:25,0,0,0,0,-1,0,2,1,0,0,0,0,0,0,0,0,0,0,0,0,0,0,0,0,0,0,0,0,0,18.502,22.307,4
2023-wimbledon-1701,Carlos Alcaraz,Novak Djokovic,0:01:19,0,0,0,0,0,0,2,2,0,0,0,0,0,1,0,0,0,0,0,0,0,0,0,0,0,0,0,0,0,4.786,2.926,2
2023-wimbledon-1701,Carlos Alcaraz,Novak Djokovic,0:02:17,0,0,0,0,1,0,2,2,1,0,0,0,0,0,0,0,0,0,0,0,0,0,0,0,0,0,0,0,0,4.907,4.209,1
2023-wimbledon-1701,Carlos Alcaraz,Novak Djokovic,0:03:02,0,0,0,0,0,0,2,1,0,0,0,0,0,0,0,0,0,0,1,0,1,0,0,0,0,0,0,0,0,12.881,8.676,2
2023-wimbledon-1701,Carlos Alcaraz,Novak Djokovic,0:03:38,0,0,0,0,1,0,2,1,1,0,0,0,0,0,0,0,0,0,0,0,0,0,0,1,0,0,0,1,0,7.293,7.704,1
2023-wimbledon-1701,Carlos Alcaraz,Novak Djokovic,0:04:05,0,0,0,0,0,0,2,1,1,0,0,0,0,0,1,0,0,0,0,0,1,0,1,0,0,0,0,0,0,23.283,19.531,5
2023-wimbledon-1701,Carlos Alcaraz,Novak Djokovic,0:04:41,0,0,0,0,-1,1,2,1,0,0,0,0,0,0,0,0,0,0,0,0,0,0,0,0,0,0,0,0,0,23.179,24.58,6
2023-wimbledon-1701,Carlos Alcaraz,Novak Djokovic,0:06:03,0,0,0,0,0,0,2,1,1,0,0,0,0,0,0,0,0,1,0,0,0,0,0,0,0,0,0,0,0,29.115,28.599,7
2023-wimbledon-1701,Carlos Alcaraz,Novak Djokovic,0:06:43,0,0,0,0,-1,1,2,1,1,2,0,0,0,0,0,0,0,0,0,0,0,0,0,0,0,0,0,0,0,8.941,7.816,1
2023-wimbledon-1701,Carlos Alcaraz,Novak Djokovic,0:08:02,0,0,0,1,0,0,1,1,1,0,0,0,0,0,0,0,0,1,0,0,0,0,0,0,0,0,0,0,0,5.54,10.329,2
2023-wimbledon-1701,Carlos Alcaraz,Novak Djokovic,0:08:28,0,0,0,1,-1,0,1,1,1,0,0,0,0,0,1,0,0,0,0,0,0,0,0,0,0,0,0,0,0,16.819,20.001,6
2023-wimbledon-1701,Carlos Alcaraz,Novak Djokovic,0:09:22,0,0,0,1,-2,0,1,2,1,0,0,0,0,0,0,0,0,1,0,0,0,0,0,0,0,0,0,0,0,21.482,23.589,6
2023-wimbledon-1701,Carlos Alcaraz,Novak Djokovic,0:10:25,0,0,0,1,-3,0,1,1,0,0,0,0,0,0,0,0,0,0,0,0,0,0,0,0,1,0,0,0,1,9.876,15.338,3
2023-wimbledon-1701,Carlos Alcaraz,Novak Djokovic,0:10:57,0,0,0,1,-2,0,1,1,0,0,0,0,0,1,0,0,0,0,0,0,0,0,0,0,1,0,0,0,1,7.638,7.393,3
2023-wimbledon-1701,Carlos Alcaraz,Novak Djokovic,0:11:29,0,0,0,1,-1,0,1,2,1,2,0,0,0,0,0,0,0,0,0,0,0,0,0,0,1,0,1,0,0,21.88,18.532,4
2023-wimbledon-1701,Carlos Alcaraz,Novak Djokovic,0:12:45,0,0,0,2,0,0,2,1,1,0,0,0,0,0,0,0,0,1,0,1,0,0,0,0,0,0,0,0,0,20.078,18.607,5
2023-wimbledon-1701,Carlos Alcaraz,Novak Djokovic,0:13:23,0,0,0,2,-1,0,2,2,0,0,0,0,0,0,0,0,0,0,1,0,0,0,0,0,0,0,0,0,0,29.805,34.701,8
2023-wimbledon-1701,Carlos Alcaraz,Novak Djokovic,0:14:24,0,0,0,2,0,0,2,2,0,0,0,0,0,0,0,0,0,0,0,0,0,0,0,0,0,0,0,0,0,31.981,29.821,8
2023-wimbledon-1701,Carlos Alcaraz,Novak Djokovic,0:15:30,0,0,0,2,1,0,2,2,1,0,0,0,0,0,0,0,0,0,0,0,1,0,1,0,0,0,0,0,0,93.364,89.698,21
2023-wimbledon-1701,Carlos Alcaraz,Novak Djokovic,0:17:03,0,0,0,2,0,0,2,1,1,0,0,0,0,0,0,0,0,0,0,0,1,0,1,0,0,0,0,0,0,48.241,32.83,5
2023-wimbledon-1701,Carlos Alcaraz,Novak Djokovic,0:18:02,0,0,0,2,-1,0,2,1,1,2,0,0,1,0,1,0,0,0,0,0,0,0,0,0,0,0,0,0,0,0.669,0.492,1
2023-wimbledon-1701,Carlos Alcaraz,Novak Djokovic,0:19:49,0,0,0,3,0,0,1,1,1,0,0,0,0,0,0,0,0,0,0,0,0,0,0,0,0,0,0,0,0,12.278,14.266,2
2023-wimbledon-1701,Carlos Alcaraz,Novak Djokovic,0:20:15,0,0,0,3,-1,0,1,1,0,0,0,0,0,0,0,0,0,0,0,0,0,0,0,0,0,0,0,0,0,2.783,7.056,1
2023-wimbledon-1701,Carlos Alcaraz,Novak Djokovic,0:20:38,0,0,0,3,0,0,1,1,1,0,0,0,0,0,0,0,0,0,0,0,0,0,0,0,0,0,0,0,0,30.865,26.119,6
2023-wimbledon-1701,Carlos Alcaraz,Novak Djokovic,0:21:15,0,0,0,3,-1,0,1,1,1,0,0,0,0,0,0,0,0,1,0,0,0,0,0,0,0,0,0,0,0,27.744,38.992,8
2023-wimbledon-1701,Carlos Alcaraz,Novak Djokovic,0:21:55,0,0,0,3,-2,0,1,2,0,0,0,0,0,0,0,0,0,0,0,0,0,0,0,0,1,0,0,0,1,12.367,12.258,3
2023-wimbledon-1701,Carlos Alcaraz,Novak Djokovic,0:22:36,0,0,0,3,-1,0,1,1,0,0,0,0,0,1,0,0,0,0,0,0,0,0,0,0,1,0,0,0,1,5.683,5.84,1
2023-wimbledon-1701,Carlos Alcaraz,Novak Djokovic,0:23:16,0,0,0,3,0,0,1,2,1,0,0,0,0,0,0,0,0,0,0,0,0,0,0,0,0,0,0,0,0,35.456,41.723,10
2023-wimbledon-1701,Carlos Alcaraz,Novak Djokovic,0:24:11,0,0,0,3,-1,1,1,2,1,2,0,0,0,0,0,0,0,0,0,0,0,0,0,0,1,0,1,0,0,11.067,10.59,2
2023-wimbledon-1701,Carlos Alcaraz,Novak Djokovic,0:25:06,0,0,0,4,0,0,2,1,1,0,0,0,0,0,0,0,0,0,0,0,0,0,0,0,0,0,0,0,0,5.873,3.741,1
2023-wimbledon-1701,Carlos Alcaraz,Novak Djokovic,0:25:28,0,0,0,4,-1,0,2,1,1,0,0,0,0,0,0,0,0,1,0,0,0,0,0,0,0,0,0,0,0,13.029,12.57,3
2023-wimbledon-1701,Carlos Alcaraz,Novak Djokovic,0:25:57,0,0,0,4,-2,0,2,1,0,0,0,0,0,1,0,0,0,0,0,0,1,0,0,0,0,0,0,0,0,13.896,16.397,4
2023-wimbledon-1701,Carlos Alcaraz,Novak Djokovic,0:26:33,0,0,0,4,-1,0,2,1,1,0,0,0,0,0,0,0,0,1,0,0,0,0,0,0,0,0,0,0,0,26.566,27.069,5
2023-wimbledon-1701,Carlos Alcaraz,Novak Djokovic,0:27:10,0,0,0,4,-2,0,2,1,1,2,0,0,0,0,1,0,0,0,0,0,1,0,1,0,0,0,0,0,0,14.297,10.323,3
2023-wimbledon-1701,Carlos Alcaraz,Novak Djokovic,0:28:47,0,0,0,5,0,0,1,1,0,0,0,0,0,1,0,0,0,0,0,1,0,1,0,0,0,0,0,0,0,9.156,12.607,3
2023-wimbledon-1701,Carlos Alcaraz,Novak Djokovic,0:29:15,0,0,0,5,1,0,1,1,0,0,0,0,0,0,0,0,0,0,0,0,0,0,0,0,0,0,0,0,0,9.453,10.305,1
2023-wimbledon-1701,Carlos Alcaraz,Novak Djokovic,0:29:37,0,0,0,5,2,0,1,2,1,0,0,0,0,0,0,0,0,1,0,0,0,0,0,0,0,0,0,0,0,6.807,10.082,2
2023-wimbledon-1701,Carlos Alcaraz,Novak Djokovic,0:30:15,0,0,0,5,1,0,1,2,1,0,0,0,0,0,0,1,0,1,0,0,0,0,0,0,0,0,0,0,0,1.076,2.058,0
2023-wimbledon-1701,Carlos Alcaraz,Novak Djokovic,0:30:55,0,0,0,5,0,0,1,1,0,0,0,0,0,1,0,0,0,0,0,1,0,1,0,0,0,0,0,0,0,33.492,57.879,9
2023-wimbledon-1701,Carlos Alcaraz,Novak Djokovic,0:31:36,0,0,0,5,1,0,1,1,0,1,0,0,0,1,0,0,0,0,0,0,1,0,0,0,0,0,0,0,0,16.193,17.993,5
2023-wimbledon-1701,Carlos Alcaraz,Novak Djokovic,0:32:28,0,0,1,5,0,0,2,1,1,0,0,0,0,0,0,0,0,0,0,0,0,0,0,0,0,0,0,0,0,31.957,36.872,9
2023-wimbledon-1701,Carlos Alcaraz,Novak Djokovic,0:33:11,0,0,1,5,-1,0,2,2,1,0,0,0,0,0,0,0,0,0,0,0,1,0,1,0,0,0,0,0,0,8.491,10.737,3
2023-wimbledon-1701,Carlos Alcaraz,Novak Djokovic,0:33:55,0,0,1,5,-2,0,2,1,1,0,0,0,0,0,0,0,0,0,0,0,0,0,0,0,0,0,0,0,0,4.404,3.146,1
2023-wimbledon-1701,Carlos Alcaraz,Novak Djokovic,0:34:19,0,0,1,5,-3,0,2,1,1,2,2,0,0,0,1,0,0,0,0,0,1,0,1,0,0,0,0,0,0,13.498,14.462,5
2023-wimbledon-1701,Carlos Alcaraz,Novak Djokovic,0:36:28,0,1,0,0,0,0,1,1,0,0,0,0,0,0,0,0,0,0,0,1,0,1,0,0,0,0,0,0,0,24.951,17.213,3
2023-wimbledon-1701,Carlos Alcaraz,Novak Djokovic,0:36:58,0,1,0,0,1,0,1,1,1,0,0,0,0,0,0,0,0,0,0,0,1,0,1,0,0,0,0,0,0,34.923,42.752,6
2023-wimbledon-1701,Carlos Alcaraz,Novak Djokovic,0:37:34,0,1,0,0,0,0,1,1,0,0,0,0,0,0,0,0,0,0,0,1,0,1,0,0,0,0,0,0,0,19.28,18.009,5
2023-wimbledon-1701,Carlos Alcaraz,Novak Djokovic,0:38:07,0,1,0,0,1,0,1,1,0,0,0,0,0,0,0,0,0,0,0,1,0,1,0,0,0,0,0,0,0,5.36,5.703,1
2023-wimbledon-1701,Carlos Alcaraz,Novak Djokovic,0:38:34,0,1,0,0,2,0,1,1,0,1,0,0,0,0,0,0,0,0,0,0,0,0,0,0,0,0,0,0,0,9.236,8.897,1
2023-wimbledon-1701,Carlos Alcaraz,Novak Djokovic,0:39:35,0,1,1,0,0,0,2,2,0,0,0,0,0,0,0,0,1,0,1,0,0,0,0,0,0,0,0,0,0,1.424,0.9,0
2023-wimbledon-1701,Carlos Alcaraz,Novak Djokovic,0:40:32,0,1,1,0,1,0,2,2,0,0,0,0,0,0,0,0,0,0,0,0,0,0,0,0,0,0,0,0,0,20.745,25.107,6
2023-wimbledon-1701,Carlos Alcaraz,Novak Djokovic,0:41:29,0,1,1,0,2,0,2,1,1,0,0,0,0,0,1,0,0,0,0,0,1,0,1,0,0,0,0,0,0,24.814,18.005,5
2023-wimbledon-1701,Carlos Alcaraz,Novak Djokovic,0:42:10,0,1,1,0,1,0,2,2,1,0,0,0,0,0,1,0,0,0,0,0,1,0,1,0,0,0,0,0,0,33.497,30.332,9
2023-wimbledon-1701,Carlos Alcaraz,Novak Djokovic,0:43:16,0,1,1,0,0,0,2,2,1,0,0,0,0,0,0,0,0,1,0,0,0,0,0,0,0,0,0,0,0,3.971,3.523,1
2023-wimbledon-1701,Carlos Alcaraz,Novak Djokovic,0:44:16,0,1,1,0,-1,0,2,2,0,0,0,0,0,1,0,0,0,0,0,0,0,0,0,0,0,0,0,0,0,35.076,43.824,10
2023-wimbledon-1701,Carlos Alcaraz,Novak Djokovic,0:45:23,0,1,1,0,0,0,2,2,0,0,0,0,0,0,0,0,0,0,1,0,1,0,0,0,0,0,0,0,0,16.727,15.5,2
2023-wimbledon-1701,Carlos Alcaraz,Novak Djokovic,0:46:38,0,1,1,0,1,1,2,1,1,0,0,0,0,0,0,0,0,0,0,0,0,0,0,1,0,0,0,1,0,7.052,6.806,1
2023-wimbledon-1701,Carlos Alcaraz,Novak Djokovic,0:47:10,0,1,1,0,0,0,2,1,0,0,0,0,0,0,0,0,0,0,1,0,1,0,0,0,0,0,0,0,0,31.842,31.118,8
2023-wimbledon-1701,Carlos Alcaraz,Novak Djokovic,0:48:01,0,1,1,0,1,1,2,1,0,1,0,0,0,0,0,0,0,0,1,0,0,0,0,1,0,1,0,0,0,23.419,14.041,4
2023-wimbledon-1701,Carlos Alcaraz,Novak Djokovic,0:48:48,0,1,2,0,0,0,1,2,1,0,0,0,0,0,0,1,0,1,0,0,0,0,0,0,0,0,0,0,0,5.897,5.002,0
2023-wimbledon-1701,Carlos Alcaraz,Novak Djokovic,0:49:32,0,1,2,0,-1,0,1,2,0,0,0,0,0,1,0,0,0,0,0,1,0,1,0,0,0,0,0,0,0,22.24,23.472,7
2023-wimbledon-1701,Carlos Alcaraz,Novak Djokovic,0:50:22,0,1,2,0,0,0,1,1,0,0,0,0,0,1,0,0,0,0,0,0,0,0,0,0,0,0,0,0,0,70.345,65.676,19
2023-wimbledon-1701,Carlos Alcaraz,Novak Djokovic,0:51:25,0,1,2,0,1,0,1,1,1,0,0,0,0,0,1,0,0,0,0,1,0,0,0,0,0,0,0,0,0,23.891,17.817,4
2023-wimbledon-1701,Carlos Alcaraz,Novak Djokovic,0:52:06,0,1,2,0,0,0,1,2,0,0,0,0,0,0,0,0,0,0,0,0,0,0,0,0,0,0,0,0,0,9.203,8.788,1
2023-wimbledon-1701,Carlos Alcaraz,Novak Djokovic,0:52:49,0,1,2,0,1,0,1,1,1,0,0,0,0,0,0,0,0,1,0,0,0,0,0,0,0,0,0,0,0,37.449,35.296,8
2023-wimbledon-1701,Carlos Alcaraz,Novak Djokovic,0:53:31,0,1,2,0,0,0,1,1,1,0,0,0,0,0,0,0,0,0,0,0,1,0,1,0,0,0,0,0,0,17.41,29.453,4
2023-wimbledon-1701,Carlos Alcaraz,Novak Djokovic,0:54:08,0,1,2,0,-1,1,1,2,1,2,0,0,0,0,0,0,0,1,0,0,0,0,0,0,1,0,1,0,0,40.601,51.537,14
2023-wimbledon-1701,Carlos Alcaraz,Novak Djokovic,0:56:40,0,1,2,1,0,0,2,1,0,0,0,0,0,0,0,0,0,0,1,0,1,0,0,0,0,0,0,0,0,23.385,16.1,4
2023-wimbledon-1701,Carlos Alcaraz,Novak Djokovic,0:57:17,0,1,2,1,1,0,2,2,0,0,0,0,0,0,0,0,0,0,0,0,0,0,0,0,0,0,0,0,0,35.028,25.613,6
2023-wimbledon-1701,Carlos Alcaraz,Novak Djokovic,0:58:25,0,1,2,1,2,0,2,2,1,0,0,0,0,0,0,0,0,1,0,1,0,0,0,0,0,0,0,0,0,15.211,15.539,3
2023-wimbledon-1701,Carlos Alcaraz,Novak Djokovic,0:59:14,0,1,2,1,1,0,2,1,1,0,0,0,0,0,0,0,0,0,0,0,0,0,0,0,0,0,0,0,0,4.333,4.169,1
2023-wimbledon-1701,Carlos Alcaraz,Novak Djokovic,1:00:04,0,1,2,1,0,0,2,2,0,0,0,0,0,0,0,0,0,0,0,0,0,0,0,0,0,0,0,0,0,7.486,6.882,2
2023-wimbledon-1701,Carlos Alcaraz,Novak Djokovic,1:01:00,0,1,2,1,1,0,2,1,1,0,0,0,0,0,0,0,0,1,0,0,0,0,0,1,0,0,0,1,0,120.712,93.426,29
2023-wimbledon-1701,Carlos Alcaraz,Novak Djokovic,1:02:27,0,1,2,1,0,0,2,1,1,0,0,0,0,0,1,0,0,0,0,0,1,0,1,0,0,0,0,0,0,23.661,26.537,5
2023-wimbledon-1701,Carlos Alcaraz,Novak Djokovic,1:03:10,0,1,2,1,-1,1,2,1,1,2,0,0,0,0,0,0,0,0,0,0,0,0,0,0,0,0,0,0,0,5.38,4.131,1
2023-wimbledon-1701,Carlos Alcaraz,Novak Djokovic,1:03:48,0,1,2,2,0,0,1,2,1,0,0,0,0,0,0,0,0,1,0,0,0,0,0,0,0,0,0,0,0,38.935,38.632,10
2023-wimbledon-1701,Carlos Alcaraz,Novak Djokovic,1:04:49,0,1,2,2,-1,0,1,1,0,0,0,0,0,1,0,0,0,0,0,0,0,0,0,0,0,0,0,0,0,6.85,4.499,1
2023-wimbledon-1701,Carlos Alcaraz,Novak Djokovic,1:05:15,0,1,2,2,0,0,1,1,0,0,0,0,0,0,0,0,0,0,1,0,0,0,0,0,0,0,0,0,0,9.265,19.026,3
2023-wimbledon-1701,Carlos Alcaraz,Novak Djokovic,1:05:42,0,1,2,2,1,0,1,1,0,0,0,0,0,0,0,0,0,0,0,1,0,1,0,0,0,0,0,0,0,28.725,24.977,7
2023-wimbledon-1701,Carlos Alcaraz,Novak Djokovic,1:06:16,0,1,2,2,2,0,1,1,1,0,0,0,0,0,0,0,0,0,0,0,0,0,0,0,0,0,0,0,0,6.492,6.408,2
2023-wimbledon-1701,Carlos Alcaraz,Novak Djokovic,1:06:42,0,1,2,2,1,0,1,1,1,0,0,0,0,0,0,0,0,0,0,0,1,0,1,0,0,0,0,0,0,42.899,46.159,10
2023-wimbledon-1701,Carlos Alcaraz,Novak Djokovic,1:07:32,0,1,2,2,0,0,1,1,0,0,0,0,0,1,0,0,0,0,0,1,0,1,0,0,0,0,0,0,0,21.602,43.401,5
2023-wimbledon-1701,Carlos Alcaraz,Novak Djokovic,1:08:08,0,1,2,2,1,1,1,1,1,0,0,0,0,0,1,0,0,0,0,0,0,0,0,0,0,0,0,0,0,10.362,11.423,4
2023-wimbledon-1701,Carlos Alcaraz,Novak Djokovic,1:08:35,0,1,2,2,0,0,1,2,0,0,0,0,0,0,0,0,0,0,0,0,0,0,0,0,0,0,0,0,0,3.258,3.384,1
2023-wimbledon-1701,Carlos Alcaraz,Novak Djokovic,1:09:18,0,1,2,2,1,1,1,1,0,1,0,0,0,0,0,0,0,0,1,0,0,0,0,0,0,0,0,0,0,12.167,14.734,3
2023-wimbledon-1701,Carlos Alcaraz,Novak Djokovic,1:11:20,0,1,3,2,0,0,2,1,0,0,0,0,0,1,0,0,0,0,0,0,1,0,0,0,0,0,0,0,0,66.55,79.221,18
2023-wimbledon-1701,Carlos Alcaraz,Novak Djokovic,1:12:26,0,1,3,2,1,0,2,2,0,0,0,0,0,1,0,0,0,0,0,0,0,0,0,0,0,0,0,0,0,29.367,32.868,10
2023-wimbledon-1701,Carlos Alcaraz,Novak Djokovic,1:13:52,0,1,3,2,2,0,2,2,1,0,0,0,0,0,0,0,0,0,0,0,0,0,0,0,0,0,0,0,0,4.812,4.053,1
2023-wimbledon-1701,Carlos Alcaraz,Novak Djokovic,1:14:39,0,1,3,2,1,0,2,1,1,0,0,0,0,0,1,0,0,0,0,0,0,0,0,0,0,0,0,0,0,10.234,7.26,3
2023-wimbledon-1701,Carlos Alcaraz,Novak Djokovic,1:15:16,0,1,3,2,0,0,2,2,1,0,0,0,0,0,0,0,0,0,0,0,0,0,0,0,0,0,0,0,0,6.781,8.749,1
2023-wimbledon-1701,Carlos Alcaraz,Novak Djokovic,1:16:02,0,1,3,2,-1,0,2,1,1,2,0,0,0,0,0,0,0,0,0,0,0,0,0,0,0,0,0,0,0,6.068,5.941,1
2023-wimbledon-1701,Carlos Alcaraz,Novak Djokovic,1:16:45,0,1,3,3,0,0,1,2,0,0,0,0,0,1,0,0,0,0,0,1,0,1,0,0,0,0,0,0,0,22.137,24.886,7
2023-wimbledon-1701,Carlos Alcaraz,Novak Djokovic,1:17:34,0,1,3,3,1,0,1,1,0,0,0,0,0,1,0,0,0,0,0,0,1,0,0,0,0,0,0,0,0,67.927,70.53,11
2023-wimbledon-1701,Carlos Alcaraz,Novak Djokovic,1:18:29,0,1,3,3,2,0,1,2,0,0,0,0,0,1,0,0,0,0,0,0,0,0,0,0,0,0,0,0,0,7.749,7.248,3
2023-wimbledon-1701,Carlos Alcaraz,Novak Djokovic,1:19:11,0,1,3,3,3,0,1,1,0,1,0,1,0,1,0,0,0,0,0,0,0,0,0,0,0,0,0,0,0,0.694,0.879,1
2023-wimbledon-1701,Carlos Alcaraz,Novak Djokovic,1:21:22,0,1,4,3,0,0,2,2,1,0,0,0,0,0,1,0,0,0,0,0,0,0,0,0,0,0,0,0,0,10.209,8.91,3
2023-wimbledon-1701,Carlos Alcaraz,Novak Djokovic,1:22:31,0,1,4,3,-1,0,2,1,0,0,0,0,0,0,0,0,0,0,0,0,0,0,0,0,0,0,0,0,0,47.513,40.412,12
2023-wimbledon-1701,Carlos Alcaraz,Novak Djokovic,1:23:20,0,1,4,3,0,0,2,2,1,0,0,0,0,0,0,0,0,0,0,0,0,0,0,0,0,0,0,0,0,35.813,32.302,9
2023-wimbledon-1701,Carlos Alcaraz,Novak Djokovic,1:24:23,0,1,4,3,-1,0,2,2,1,0,0,0,0,0,0,0,0,0,0,0,0,0,0,0,0,0,0,0,0,13.188,8.947,3
2023-wimbledon-1701,Carlos Alcaraz,Novak Djokovic,1:25:13,0,1,4,3,-2,0,2,2,1,2,0,0,0,0,0,0,0,1,0,1,0,0,0,0,0,0,0,0,0,5.991,3.844,1
2023-wimbledon-1701,Carlos Alcaraz,Novak Djokovic,1:26:03,0,1,4,4,0,0,1,1,1,0,0,0,0,0,0,0,0,1,0,0,0,0,0,0,0,0,0,0,0,5.136,7.151,2
2023-wimbledon-1701,Carlos Alcaraz,Novak Djokovic,1:26:31,0,1,4,4,-1,0,1,2,0,0,0,0,0,1,0,0,0,0,0,0,0,0,0,0,0,0,0,0,0,21.813,24.744,7
2023-wimbledon-1701,Carlos Alcaraz,Novak Djokovic,1:28:01,0,1,4,4,0,0,1,1,0,0,0,1,0,1,0,0,0,0,0,0,0,0,0,0,0,0,0,0,0,4.555,4.901,1
2023-wimbledon-1701,Carlos Alcaraz,Novak Djokovic,1:28:26,0,1,4,4,1,0,1,1,0,0,0,0,0,0,0,0,0,0,0,0,0,0,0,0,0,0,0,0,0,24.445,27.729,5
2023-wimbledon-1701,Carlos Alcaraz,Novak Djokovic,1:29:17,0,1,4,4,2,0,1,2,0,1,0,0,0,0,0,0,0,0,0,0,0,0,0,0,0,0,0,0,0,7.039,5.74,1
2023-wimbledon-1701,Carlos Alcaraz,Novak Djokovic,1:31:34,0,1,5,4,0,0,2,1,0,0,0,0,0,0,0,0,0,0,1,0,0,0,0,0,0,0,0,0,0,9.818,8.185,2
2023-wimbledon-1701,Carlos Alcaraz,Novak Djokovic,1:32:06,0,1,5,4,1,0,2,1,1,0,0,0,0,0,0,0,0,1,0,0,1,0,1,0,0,0,0,0,0,22.897,21.393,5
2023-wimbledon-1701,Carlos Alcaraz,Novak Djokovic,1:32:50,0,1,5,4,0,0,2,1,1,0,0,0,0,0,0,0,0,0,0,0,0,0,0,0,0,0,0,0,0,38.314,9.701,3
2023-wimbledon-1701,Carlos Alcaraz,Novak Djokovic,1:33:21,0,1,5,4,-1,0,2,1,0,0,0,0,0,0,0,0,0,0,0,0,0,0,0,0,0,0,0,0,0,31.111,23.964,8
2023-wimbledon-1701,Carlos Alcaraz,Novak Djokovic,1:35:06,0,1,5,4,0,0,2,1,1,0,0,0,0,0,0,0,0,1,0,0,0,0,0,0,0,0,0,0,0,11.433,8.411,3
2023-wimbledon-1701,Carlos Alcaraz,Novak Djokovic,1:35:40,0,1,5,4,-1,0,2,1,0,0,0,0,0,0,0,0,0,0,0,0,0,0,0,0,0,0,0,0,0,15.698,11.503,4
2023-wimbledon-1701,Carlos Alcaraz,Novak Djokovic,1:36:21,0,1,5,4,0,0,2,1,1,0,0,0,0,0,0,0,0,1,0,0,0,0,0,0,0,0,0,0,0,46.149,41.892,13
2023-wimbledon-1701,Carlos Alcaraz,Novak Djokovic,1:37:19,0,1,5,4,-1,1,2,2,1,2,0,0,0,0,0,0,0,0,0,0,0,0,0,0,0,0,0,0,0,44.282,51.118,9
2023-wimbledon-1701,Carlos Alcaraz,Novak Djokovic,1:38:38,0,1,5,5,0,0,1,2,1,0,0,0,0,0,0,0,0,1,0,0,0,0,0,0,0,0,0,0,0,15.082,12.785,4
2023-wimbledon-1701,Carlos Alcaraz,Novak Djokovic,1:39:23,0,1,5,5,-1,0,1,2,0,0,0,0,0,0,0,0,0,0,0,0,0,0,0,0,0,0,0,0,0,51.171,77.904,15
2023-wimbledon-1701,Carlos Alcaraz,Novak Djokovic,1:40:32,0,1,5,5,0,0,1,1,0,0,0,0,0,0,0,0,0,0,0,0,0,0,0,0,0,0,0,0,0,8.185,5.147,1
2023-wimbledon-1701,Carlos Alcaraz,Novak Djokovic,1:41:01,0,1,5,5,1,0,1,1,0,0,0,0,0,0,0,0,0,0,0,0,0,0,0,0,0,0,0,0,0,2.423,2.431,1
2023-wimbledon-1701,Carlos Alcaraz,Novak Djokovic,1:41:28,0,1,5,5,2,0,1,1,0,1,0,0,0,0,0,0,0,0,0,0,0,0,0,0,0,0,0,0,0,11.46,11.333,1
2023-wimbledon-1701,Carlos Alcaraz,Novak Djokovic,1:43:24,0,1,6,5,0,0,2,1,1,0,0,0,0,0,1,0,0,0,0,0,0,0,0,0,0,0,0,0,0,26.376,15.557,5
2023-wimbledon-1701,Carlos Alcaraz,Novak Djokovic,1:44:03,0,1,6,5,-1,0,2,2,0,0,0,0,0,0,0,0,1,0,1,0,0,0,0,0,0,0,0,0,0,12.01,7.658,0
2023-wimbledon-1701,Carlos Alcaraz,Novak Djokovic,1:45:02,0,1,6,5,0,0,2,2,1,0,0,0,0,0,0,0,0,0,0,0,0,0,0,0,0,0,0,0,0,4.405,3.63,1
2023-wimbledon-1701,Carlos Alcaraz,Novak Djokovic,1:45:46,0,1,6,5,-1,0,2,1,0,0,0,0,0,0,0,0,0,0,1,0,0,0,0,0,0,0,0,0,0,57.365,26.817,8
2023-wimbledon-1701,Carlos Alcaraz,Novak Djokovic,1:46:31,0,1,6,5,0,0,2,1,1,0,0,0,0,0,0,0,0,0,0,0,0,0,0,0,0,0,0,0,0,20.863,8.984,1
2023-wimbledon-1701,Carlos Alcaraz,Novak Djokovic,1:46:59,0,1,6,5,-1,0,2,1,1,2,0,0,0,0,0,0,0,0,0,0,0,0,0,0,0,0,0,0,0,9.221,4.985,1
2023-wimbledon-1701,Carlos Alcaraz,Novak Djokovic,1:47:38,0,1,6,6,0,0,1,2,1,0,0,0,0,0,0,0,0,1,0,0,0,0,0,0,0,0,0,0,0,18.221,19.372,4
2023-wimbledon-1701,Carlos Alcaraz,Novak Djokovic,1:48:37,0,1,6,6,-1,0,2,1,1,0,0,0,0,0,0,0,0,0,0,0,0,0,0,0,0,0,0,0,0,14.208,9.977,1
2023-wimbledon-1701,Carlos Alcaraz,Novak Djokovic,1:49:07,0,1,6,6,-2,0,2,1,1,0,0,0,0,0,0,0,0,0,0,0,0,0,0,0,0,0,0,0,0,7.534,5.259,1
2023-wimbledon-1701,Carlos Alcaraz,Novak Djokovic,1:49:43,0,1,6,6,-3,0,1,1,0,0,0,0,0,0,0,0,0,0,0,0,0,0,0,0,0,0,0,0,0,3.906,7.066,1
2023-wimbledon-1701,Carlos Alcaraz,Novak Djokovic,1:50:07,0,1,6,6,-2,0,1,1,0,0,0,1,0,1,0,0,0,0,0,0,0,0,0,0,0,0,0,0,0,0.88,0.917,1
2023-wimbledon-1701,Carlos Alcaraz,Novak Djokovic,1:50:45,0,1,6,6,-1,0,2,1,0,0,0,0,0,0,0,0,0,0,1,0,0,0,0,0,0,0,0,0,0,17.479,7.601,2
2023-wimbledon-1701,Carlos Alcaraz,Novak Djokovic,1:51:49,0,1,6,6,0,0,2,1,1,0,0,0,0,0,0,0,0,0,0,0,0,0,0,0,0,0,0,0,0,25.206,13.676,5
2023-wimbledon-1701,Carlos Alcaraz,Novak Djokovic,1:52:29,0,1,6,6,-1,0,1,2,0,0,0,0,0,1,0,0,0,0,0,0,0,0,0,0,0,0,0,0,0,7.205,9.965,3
2023-wimbledon-1701,Carlos Alcaraz,Novak Djokovic,1:53:15,0,1,6,6,0,0,1,1,0,0,0,0,0,1,0,0,0,0,0,0,0,0,0,0,0,0,0,0,0,49.102,57.632,13
2023-wimbledon-1701,Carlos Alcaraz,Novak Djokovic,1:54:58,0,1,6,6,1,0,2,2,1,0,0,0,0,0,0,0,0,0,0,1,0,0,0,0,0,0,0,0,0,19.692,21.44,5
2023-wimbledon-1701,Carlos Alcaraz,Novak Djokovic,1:56:00,0,1,6,6,0,0,2,1,1,0,0,0,0,0,1,0,0,0,0,1,0,0,0,0,0,0,0,0,0,56.398,56.597,17
2023-wimbledon-1701,Carlos Alcaraz,Novak Djokovic,1:57:02,0,1,6,6,-1,0,1,1,0,0,0,0,0,0,0,0,0,0,1,0,0,0,0,0,0,0,0,0,0,22.045,10.921,3
2023-wimbledon-1701,Carlos Alcaraz,Novak Djokovic,1:58:15,0,1,6,6,0,0,1,2,0,0,0,0,0,0,0,0,0,0,1,0,0,0,0,0,0,0,0,0,0,10.338,11.191,3
2023-wimbledon-1701,Carlos Alcaraz,Novak Djokovic,1:59:06,0,1,6,6,1,0,2,1,0,1,1,0,0,1,0,0,0,0,0,0,1,0,0,0,0,0,0,0,0,5.329,5.955,2
2023-wimbledon-1701,Carlos Alcaraz,Novak Djokovic,2:02:01,1,1,0,0,0,0,2,1,0,0,0,0,0,0,0,0,0,0,1,0,0,0,0,0,0,0,0,0,0,14.737,7.867,2
2023-wimbledon-1701,Carlos Alcaraz,Novak Djokovic,2:02:31,1,1,0,0,1,0,2,1,1,0,0,0,0,0,0,0,0,1,0,0,0,0,0,0,0,0,0,0,0,48.376,52.512,13
2023-wimbledon-1701,Carlos Alcaraz,Novak Djokovic,2:03:20,1,1,0,0,0,0,2,1,1,0,0,0,1,0,1,0,0,0,0,0,0,0,0,0,0,0,0,0,0,6.161,4.586,1
2023-wimbledon-1701,Carlos Alcaraz,Novak Djokovic,2:04:02,1,1,0,0,-1,0,2,1,0,0,0,0,0,1,0,0,0,0,0,0,0,0,0,0,0,0,0,0,0,21.503,16.386,6
2023-wimbledon-1701,Carlos Alcaraz,Novak Djokovic,2:04:40,1,1,0,0,0,0,2,1,0,0,0,0,0,0,0,0,0,0,0,1,0,1,0,0,0,0,0,0,0,61.566,40.594,10
2023-wimbledon-1701,Carlos Alcaraz,Novak Djokovic,2:05:29,1,1,0,0,1,0,2,2,1,0,0,0,0,0,0,0,0,1,0,0,0,0,0,1,0,0,0,1,0,6.133,5.221,1
2023-wimbledon-1701,Carlos Alcaraz,Novak Djokovic,2:06:14,1,1,0,0,0,0,2,1,0,0,0,0,0,1,0,0,0,0,0,0,1,0,0,0,0,0,0,0,0,40.155,39.991,12
2023-wimbledon-1701,Carlos Alcaraz,Novak Djokovic,2:07:43,1,1,0,0,1,1,2,2,0,1,0,0,0,0,0,0,0,0,1,0,0,0,0,1,0,1,0,0,0,17.37,16.764,4
2023-wimbledon-1701,Carlos Alcaraz,Novak Djokovic,2:09:21,1,1,1,0,0,0,1,1,1,0,0,0,0,0,0,0,0,1,0,0,0,0,0,0,0,0,0,0,0,82.852,81.82,18
2023-wimbledon-1701,Carlos Alcaraz,Novak Djokovic,2:10:13,1,1,1,0,-1,0,1,1,0,0,0,0,0,0,0,0,0,0,0,0,0,0,0,0,0,0,0,0,0,6.12,8.534,1
2023-wimbledon-1701,Carlos Alcaraz,Novak Djokovic,2:10:37,1,1,1,0,0,0,1,1,0,0,0,0,0,0,0,0,0,0,0,0,0,0,0,0,0,0,0,0,0,4.728,7.153,1
2023-wimbledon-1701,Carlos Alcaraz,Novak Djokovic,2:11:03,1,1,1,0,1,0,1,2,0,0,0,0,0,0,0,0,0,0,1,0,0,0,0,0,0,0,0,0,0,12.798,9.835,3
2023-wimbledon-1701,Carlos Alcaraz,Novak Djokovic,2:11:49,1,1,1,0,2,0,1,2,1,0,0,0,0,0,0,0,0,1,0,0,0,0,0,0,0,0,0,0,0,17.795,20.948,4
2023-wimbledon-1701,Carlos Alcaraz,Novak Djokovic,2:12:32,1,1,1,0,1,0,1,1,0,1,0,0,0,0,0,0,0,0,0,0,0,0,0,0,0,0,0,0,0,5.943,9.73,1
2023-wimbledon-1701,Carlos Alcaraz,Novak Djokovic,2:13:01,1,1,2,0,0,0,2,1,1,0,0,0,0,0,0,0,0,0,0,0,0,0,0,0,0,0,0,0,0,5.689,4.021,1
2023-wimbledon-1701,Carlos Alcaraz,Novak Djokovic,2:13:21,1,1,2,0,-1,0,2,1,0,0,0,0,0,1,0,0,0,0,0,1,0,1,0,0,0,0,0,0,0,59.146,47.871,16
2023-wimbledon-1701,Carlos Alcaraz,Novak Djokovic,2:14:16,1,1,2,0,0,0,2,1,0,0,0,0,0,0,0,0,0,0,1,0,0,0,0,0,0,0,0,0,0,22.259,21.156,6
2023-wimbledon-1701,Carlos Alcaraz,Novak Djokovic,2:14:54,1,1,2,0,1,0,2,2,1,0,0,0,0,0,0,0,0,0,0,0,1,0,1,0,0,0,0,0,0,50.638,36.217,11
2023-wimbledon-1701,Carlos Alcaraz,Novak Djokovic,2:16:00,1,1,2,0,0,0,2,1,1,0,0,0,0,0,0,0,0,0,0,0,0,0,0,0,0,0,0,0,0,10.845,5.871,1
2023-wimbledon-1701,Carlos Alcaraz,Novak Djokovic,2:16:45,1,1,2,0,-1,0,2,2,1,2,0,0,0,0,0,0,0,0,0,0,0,0,0,0,0,0,0,0,0,6.171,4.287,1
2023-wimbledon-1701,Carlos Alcaraz,Novak Djokovic,2:19:00,1,1,2,1,0,0,1,1,0,0,0,0,0,0,0,0,0,0,1,0,0,0,0,0,0,0,0,0,0,36.011,77.318,11
2023-wimbledon-1701,Carlos Alcaraz,Novak Djokovic,2:19:40,1,1,2,1,1,0,1,1,1,0,0,0,0,0,0,0,0,1,0,1,0,0,0,0,0,0,0,0,0,9.308,12.899,2
2023-wimbledon-1701,Carlos Alcaraz,Novak Djokovic,2:20:07,1,1,2,1,0,0,1,1,1,0,0,0,0,0,0,0,0,1,0,1,0,0,0,0,0,0,0,0,0,15.465,16.482,4
2023-wimbledon-1701,Carlos Alcaraz,Novak Djokovic,2:20:41,1,1,2,1,-1,0,1,2,1,0,0,0,0,0,0,0,0,1,0,0,0,0,0,0,0,0,0,0,0,33.253,33.692,10
2023-wimbledon-1701,Carlos Alcaraz,Novak Djokovic,2:21:37,1,1,2,1,-2,0,1,2,0,0,0,0,0,0,0,0,0,0,1,0,0,0,0,0,1,0,0,0,1,30.944,34.291,9
2023-wimbledon-1701,Carlos Alcaraz,Novak Djokovic,2:22:32,1,1,2,1,-1,0,1,2,0,0,0,0,0,1,0,0,0,0,0,0,0,0,0,0,1,0,0,0,1,1.526,1.532,1
2023-wimbledon-1701,Carlos Alcaraz,Novak Djokovic,2:23:42,1,1,2,1,0,0,1,2,0,0,0,0,0,1,0,0,0,0,0,1,0,1,0,0,0,0,0,0,0,11.614,10.625,3
2023-wimbledon-1701,Carlos Alcaraz,Novak Djokovic,2:24:29,1,1,2,1,1,1,1,1,0,1,0,0,0,0,0,0,0,0,0,0,0,0,0,0,0,0,0,0,0,7.867,6.42,1
2023-wimbledon-1701,Carlos Alcaraz,Novak Djokovic,2:26:08,1,1,3,1,0,0,2,1,0,0,0,0,0,0,0,0,0,0,0,0,1,0,0,0,0,0,0,0,0,11.662,11.26,2
2023-wimbledon-1701,Carlos Alcaraz,Novak Djokovic,2:26:35,1,1,3,1,1,0,2,2,1,0,0,0,0,0,0,0,0,0,0,0,0,0,0,0,0,0,0,0,0,5.66,5.121,1
2023-wimbledon-1701,Carlos Alcaraz,Novak Djokovic,2:27:11,1,1,3,1,0,0,2,2,1,0,0,0,0,0,0,0,0,0,0,0,0,0,0,0,0,0,0,0,0,11.628,10.26,3
2023-wimbledon-1701,Carlos Alcaraz,Novak Djokovic,2:28:31,1,1,3,1,-1,0,2,2,1,0,0,0,0,0,1,0,0,0,0,0,1,0,1,0,0,0,0,0,0,22.347,20.587,5
2023-wimbledon-1701,Carlos Alcaraz,Novak Djokovic,2:29:41,1,1,3,1,-2,0,2,2,0,0,0,0,0,1,0,0,0,0,0,1,0,1,0,0,0,0,0,0,0,14.057,10.284,4
2023-wimbledon-1701,Carlos Alcaraz,Novak Djokovic,2:30:22,1,1,3,1,-1,0,2,1,0,0,0,0,0,0,0,0,0,0,1,0,0,0,0,0,0,0,0,0,0,10.594,9.202,2
2023-wimbledon-1701,Carlos Alcaraz,Novak Djokovic,2:30:52,1,1,3,1,0,0,2,2,1,0,0,0,0,0,1,0,0,0,0,0,1,0,1,0,0,0,0,0,0,8.528,5.6,3
2023-wimbledon-1701,Carlos Alcaraz,Novak Djokovic,2:31:32,1,1,3,1,-1,1,2,2,0,0,0,0,0,0,0,0,0,0,0,0,0,0,0,0,0,0,0,0,0,49.295,41.442,12
2023-wimbledon-1701,Carlos Alcaraz,Novak Djokovic,2:32:34,1,1,3,1,0,0,2,1,1,0,0,0,0,0,1,0,0,0,0,0,0,0,0,0,0,0,0,0,0,30.711,22.401,9
2023-wimbledon-1701,Carlos Alcaraz,Novak Djokovic,2:33:15,1,1,3,1,-1,1,2,1,0,0,0,0,0,0,0,0,0,0,1,0,0,0,0,0,0,0,0,0,0,17.179,9.529,2
2023-wimbledon-1701,Carlos Alcaraz,Novak Djokovic,2:34:06,1,1,3,1,0,0,2,1,0,0,0,0,0,0,0,0,0,0,1,0,0,0,0,0,0,0,0,0,0,12.06,8.731,2
2023-wimbledon-1701,Carlos Alcaraz,Novak Djokovic,2:34:44,1,1,3,1,1,1,2,1,1,0,0,0,0,0,0,0,0,0,0,0,0,0,0,1,0,0,0,1,0,23.133,17.896,5
2023-wimbledon-1701,Carlos Alcaraz,Novak Djokovic,2:35:17,1,1,3,1,0,0,2,2,1,0,0,0,0,0,1,0,0,0,0,0,0,0,0,0,0,0,0,0,0,19.597,19.454,7
2023-wimbledon-1701,Carlos Alcaraz,Novak Djokovic,2:36:24,1,1,3,1,-1,1,2,1,0,0,0,0,0,0,0,0,0,0,1,0,0,0,0,0,0,0,0,0,0,16.92,13.841,4
2023-wimbledon-1701,Carlos Alcaraz,Novak Djokovic,2:38:07,1,1,3,1,0,0,2,2,0,0,0,0,0,0,0,0,1,0,1,0,0,0,0,0,0,0,0,0,0,4.841,3.234,0
2023-wimbledon-1701,Carlos Alcaraz,Novak Djokovic,2:38:49,1,1,3,1,1,1,2,1,1,0,0,0,0,0,0,0,0,0,0,0,0,0,0,1,0,0,0,1,0,26.683,28.15,7
2023-wimbledon-1701,Carlos Alcaraz,Novak Djokovic,2:39:29,1,1,3,1,0,0,2,1,1,0,0,0,0,0,1,0,0,0,0,0,1,0,1,0,0,0,0,0,0,32.655,18.565,7
2023-wimbledon-1701,Carlos Alcaraz,Novak Djokovic,2:40:07,1,1,3,1,-1,1,2,2,0,0,0,0,0,0,0,0,0,0,0,0,0,0,0,0,0,0,0,0,0,9.576,7.279,2
2023-wimbledon-1701,Carlos Alcaraz,Novak Djokovic,2:41:01,1,1,3,1,0,0,2,2,0,0,0,0,0,0,0,0,0,0,1,0,0,0,0,0,0,0,0,0,0,49.941,49.722,14
2023-wimbledon-1701,Carlos Alcaraz,Novak Djokovic,2:42:05,1,1,3,1,1,1,2,1,1,0,0,0,0,0,0,0,0,0,0,0,1,0,1,1,0,0,0,1,0,15.414,12.083,3
2023-wimbledon-1701,Carlos Alcaraz,Novak Djokovic,2:42:38,1,1,3,1,0,0,2,1,1,0,0,0,0,0,0,0,0,1,0,0,0,0,0,0,0,0,0,0,0,21.307,19.946,5
2023-wimbledon-1701,Carlos Alcaraz,Novak Djokovic,2:43:11,1,1,3,1,-1,1,2,1,0,0,0,0,0,0,0,0,0,0,1,0,0,0,0,0,0,0,0,0,0,39.681,33.505,10
2023-wimbledon-1701,Carlos Alcaraz,Novak Djokovic,2:44:03,1,1,3,1,0,0,2,2,0,0,0,0,0,0,0,0,0,0,0,0,0,0,0,0,0,0,0,0,0,32.354,34.417,8
2023-wimbledon-1701,Carlos Alcaraz,Novak Djokovic,2:45:06,1,1,3,1,1,1,2,1,1,0,0,0,0,0,0,0,0,0,0,0,1,0,1,1,0,0,0,1,0,18.119,15.185,3
2023-wimbledon-1701,Carlos Alcaraz,Novak Djokovic,2:45:39,1,1,3,1,0,0,2,2,0,0,0,0,0,0,0,0,0,0,1,0,1,0,0,0,0,0,0,0,0,24.36,14.498,4
2023-wimbledon-1701,Carlos Alcaraz,Novak Djokovic,2:46:35,1,1,3,1,1,1,2,1,1,0,0,0,0,0,0,0,0,0,0,0,0,0,0,1,0,0,0,1,0,8.69,5.85,1
2023-wimbledon-1701,Carlos Alcaraz,Novak Djokovic,2:47:01,1,1,3,1,0,0,2,1,0,0,0,0,0,0,0,0,0,0,0,0,0,0,0,0,0,0,0,0,0,33.074,32.149,8
2023-wimbledon-1701,Carlos Alcaraz,Novak Djokovic,2:47:47,1,1,3,1,1,1,2,2,1,0,0,0,0,0,0,0,0,0,0,0,0,0,0,1,0,0,0,1,0,12.75,13.536,1
2023-wimbledon-1701,Carlos Alcaraz,Novak Djokovic,2:48:55,1,1,3,1,0,0,2,2,1,0,0,0,0,0,0,0,0,1,0,0,0,0,0,0,0,0,0,0,0,33.545,25.644,9
2023-wimbledon-1701,Carlos Alcaraz,Novak Djokovic,2:50:04,1,1,3,1,-1,1,2,2,0,0,0,0,0,1,0,0,0,0,0,0,1,0,0,0,0,0,0,0,0,41.181,29.979,10
2023-wimbledon-1701,Carlos Alcaraz,Novak Djokovic,2:51:11,1,1,3,1,0,0,2,1,0,0,0,0,0,0,0,0,0,0,1,0,0,0,0,0,0,0,0,0,0,51.822,38.664,10
2023-wimbledon-1701,Carlos Alcaraz,Novak Djokovic,2:52:06,1,1,3,1,1,1,2,1,0,1,0,0,0,0,0,0,0,0,1,0,0,0,0,1,0,1,0,0,0,8.884,6.658,2
2023-wimbledon-1701,Carlos Alcaraz,Novak Djokovic,2:54:24,1,1,4,1,0,0,1,1,0,0,0,0,0,0,0,0,0,0,0,0,0,0,0,0,0,0,0,0,0,8.389,9.606,1
2023-wimbledon-1701,Carlos Alcaraz,Novak Djokovic,2:54:45,1,1,4,1,1,0,1,1,0,0,0,0,0,0,0,0,0,0,1,0,0,0,0,0,0,0,0,0,0,22.923,24.883,5
2023-wimbledon-1701,Carlos Alcaraz,Novak Djokovic,2:55:21,1,1,4,1,2,0,1,1,0,0,0,0,0,0,0,0,0,0,0,0,0,0,0,0,0,0,0,0,0,3.746,3.473,1
2023-wimbledon-1701,Carlos Alcaraz,Novak Djokovic,2:55:41,1,1,4,1,3,0,1,1,1,0,0,0,0,0,0,0,0,0,0,0,0,0,0,0,0,0,0,0,0,6.683,9.284,2
2023-wimbledon-1701,Carlos Alcaraz,Novak Djokovic,2:56:03,1,1,4,1,2,0,1,2,0,1,0,0,0,0,0,0,0,0,0,0,0,0,0,0,0,0,0,0,0,10.654,8.278,1
2023-wimbledon-1701,Carlos Alcaraz,Novak Djokovic,2:57:04,1,1,5,1,0,0,2,1,0,0,0,0,0,1,0,0,0,0,0,0,1,0,0,0,0,0,0,0,0,10.872,10.246,4
2023-wimbledon-1701,Carlos Alcaraz,Novak Djokovic,2:57:28,1,1,5,1,1,0,2,2,0,0,0,0,0,1,0,0,0,0,0,0,0,0,0,0,0,0,0,0,0,5.061,3.435,2
2023-wimbledon-1701,Carlos Alcaraz,Novak Djokovic,2:58:04,1,1,5,1,2,0,2,1,0,0,0,0,0,0,0,0,0,0,1,0,1,0,0,0,0,0,0,0,0,12.479,9.074,2
2023-wimbledon-1701,Carlos Alcaraz,Novak Djokovic,2:58:24,1,1,5,1,3,0,2,1,1,0,0,0,0,0,0,0,0,0,0,0,1,0,1,1,0,0,0,1,0,4.957,5.897,1
2023-wimbledon-1701,Carlos Alcaraz,Novak Djokovic,2:58:42,1,1,5,1,2,0,2,1,0,1,1,0,0,1,0,0,0,0,0,0,1,0,0,1,0,1,0,0,0,11.257,11.635,4
2023-wimbledon-1701,Carlos Alcaraz,Novak Djokovic,3:06:09,2,1,0,0,0,0,1,1,1,0,0,0,0,0,0,0,0,0,0,0,0,0,0,0,0,0,0,0,0,17.067,18.813,4
2023-wimbledon-1701,Carlos Alcaraz,Novak Djokovic,3:06:36,2,1,0,0,-1,0,1,2,1,0,0,0,0,0,0,1,0,1,0,0,0,0,0,0,0,0,0,0,0,3.792,3.847,0
2023-wimbledon-1701,Carlos Alcaraz,Novak Djokovic,3:07:16,2,1,0,0,-2,0,1,1,0,0,0,0,0,0,0,0,0,0,0,0,0,0,0,0,0,0,0,0,0,5.53,6.285,1
2023-wimbledon-1701,Carlos Alcaraz,Novak Djokovic,3:07:56,2,1,0,0,-1,0,1,1,0,0,0,0,0,0,0,0,0,0,0,0,0,0,0,0,0,0,0,0,0,18.118,31.364,5
2023-wimbledon-1701,Carlos Alcaraz,Novak Djokovic,3:08:31,2,1,0,0,0,0,1,1,0,0,0,0,0,0,0,0,0,0,0,1,0,1,0,0,0,0,0,0,0,36.133,28.944,5
2023-wimbledon-1701,Carlos Alcaraz,Novak Djokovic,3:09:09,2,1,0,0,1,0,1,1,0,1,0,0,0,0,0,0,0,0,0,1,0,1,0,0,0,0,0,0,0,8.777,21.412,1
2023-wimbledon-1701,Carlos Alcaraz,Novak Djokovic,3:10:06,2,1,1,0,0,0,2,1,0,0,0,0,0,0,0,0,0,0,0,0,0,0,0,0,0,0,0,0,0,121.06,36.759,12
2023-wimbledon-1701,Carlos Alcaraz,Novak Djokovic,3:10:52,2,1,1,0,1,0,2,1,0,0,0,0,0,1,0,0,0,0,0,0,0,0,0,0,0,0,0,0,0,13.512,12.899,2
2023-wimbledon-1701,Carlos Alcaraz,Novak Djokovic,3:11:45,2,1,1,0,2,0,2,1,1,0,0,0,0,0,0,0,0,0,0,0,1,0,1,0,0,0,0,0,0,31.47,17.893,3
2023-wimbledon-1701,Carlos Alcaraz,Novak Djokovic,3:12:16,2,1,1,0,1,0,2,2,0,0,0,0,0,1,0,0,0,0,0,0,0,0,0,0,0,0,0,0,0,11.387,10.959,4
2023-wimbledon-1701,Carlos Alcaraz,Novak Djokovic,3:13:16,2,1,1,0,2,0,2,2,1,0,0,0,0,0,0,0,0,0,0,0,0,0,0,1,0,0,0,1,0,30.656,18.453,5
2023-wimbledon-1701,Carlos Alcaraz,Novak Djokovic,3:14:05,2,1,1,0,1,0,2,1,1,0,0,0,0,0,0,0,0,0,0,0,0,0,0,1,0,0,0,1,0,43.231,20.94,5
2023-wimbledon-1701,Carlos Alcaraz,Novak Djokovic,3:14:43,2,1,1,0,0,0,2,1,1,0,0,0,0,0,1,0,0,0,0,0,1,0,1,0,0,0,0,0,0,41.1,15.414,5
2023-wimbledon-1701,Carlos Alcaraz,Novak Djokovic,3:15:18,2,1,1,0,-1,1,2,2,1,2,0,0,0,0,0,0,0,0,0,0,0,0,0,0,0,0,0,0,0,8.022,6.599,1
2023-wimbledon-1701,Carlos Alcaraz,Novak Djokovic,3:16:06,2,1,1,1,0,0,1,2,0,0,0,0,0,0,0,0,0,0,0,0,0,0,0,0,0,0,0,0,0,3.852,4.127,1
2023-wimbledon-1701,Carlos Alcaraz,Novak Djokovic,3:16:43,2,1,1,1,1,0,1,2,1,0,0,0,0,0,0,1,0,1,0,0,0,0,0,0,0,0,0,0,0,5.689,5.561,0
2023-wimbledon-1701,Carlos Alcaraz,Novak Djokovic,3:17:19,2,1,1,1,0,0,1,1,0,0,0,0,0,1,0,0,0,0,0,1,0,1,0,0,0,0,0,0,0,12.932,13.51,5
2023-wimbledon-1701,Carlos Alcaraz,Novak Djokovic,3:17:52,2,1,1,1,1,0,1,1,0,0,0,1,0,1,0,0,0,0,0,0,0,0,0,0,0,0,0,0,0,1.086,1.156,1
2023-wimbledon-1701,Carlos Alcaraz,Novak Djokovic,3:18:16,2,1,1,1,2,0,1,2,1,0,0,0,0,0,0,0,0,0,0,1,0,0,0,0,0,0,0,0,0,36.918,22.42,6
2023-wimbledon-1701,Carlos Alcaraz,Novak Djokovic,3:19:10,2,1,1,1,1,0,1,2,1,0,0,0,0,0,0,0,0,0,0,0,0,0,0,0,0,0,0,0,0,15.274,14.373,4
2023-wimbledon-1701,Carlos Alcaraz,Novak Djokovic,3:19:56,2,1,1,1,0,0,1,1,0,0,0,0,0,1,0,0,0,0,0,1,0,1,0,0,0,0,0,0,0,16.661,15.453,5
2023-wimbledon-1701,Carlos Alcaraz,Novak Djokovic,3:20:31,2,1,1,1,1,1,1,2,1,0,0,0,0,0,0,1,0,1,0,0,0,0,0,0,0,0,0,0,0,2.932,2.271,0
2023-wimbledon-1701,Carlos Alcaraz,Novak Djokovic,3:21:09,2,1,1,1,0,0,1,1,0,0,0,1,0,1,0,0,0,0,0,0,0,0,0,0,0,0,0,0,0,1.02,0.992,1
2023-wimbledon-1701,Carlos Alcaraz,Novak Djokovic,3:21:39,2,1,1,1,1,1,1,2,1,0,0,0,0,0,1,0,0,0,0,0,0,0,0,0,0,0,0,0,0,20.326,21.163,6
2023-wimbledon-1701,Carlos Alcaraz,Novak Djokovic,3:22:27,2,1,1,1,0,0,1,2,0,0,0,0,0,1,0,0,0,0,0,1,0,1,0,0,0,0,0,0,0,48.671,52.041,15
2023-wimbledon-1701,Carlos Alcaraz,Novak Djokovic,3:23:33,2,1,1,1,1,1,1,1,0,1,0,0,0,0,0,0,0,0,1,0,0,0,0,0,0,0,0,0,0,16.84,13.018,3
2023-wimbledon-1701,Carlos Alcaraz,Novak Djokovic,3:25:30,2,1,2,1,0,0,2,1,1,0,0,0,0,0,1,0,0,0,0,0,1,0,1,0,0,0,0,0,0,41.564,37.508,11
2023-wimbledon-1701,Carlos Alcaraz,Novak Djokovic,3:26:14,2,1,2,1,-1,0,2,1,1,0,0,0,0,0,0,0,0,0,0,0,0,0,0,0,0,0,0,0,0,10.943,9.634,1
2023-wimbledon-1701,Carlos Alcaraz,Novak Djokovic,3:26:55,2,1,2,1,-2,0,2,2,0,0,0,0,0,1,0,0,0,0,0,0,1,0,0,0,0,0,0,0,0,35.75,34.032,10
2023-wimbledon-1701,Carlos Alcaraz,Novak Djokovic,3:27:55,2,1,2,1,-1,0,2,1,0,0,0,0,0,0,0,0,0,0,0,0,0,0,0,0,0,0,0,0,0,43.248,19.176,6
2023-wimbledon-1701,Carlos Alcaraz,Novak Djokovic,3:28:35,2,1,2,1,0,0,2,2,1,0,0,0,0,0,0,0,0,0,0,0,1,0,1,0,0,0,0,0,0,10.007,6.415,3
2023-wimbledon-1701,Carlos Alcaraz,Novak Djokovic,3:29:38,2,1,2,1,-1,0,2,1,0,0,0,0,0,1,0,0,0,0,0,0,1,0,0,0,0,0,0,0,0,33.438,20.132,6
2023-wimbledon-1701,Carlos Alcaraz,Novak Djokovic,3:30:20,2,1,2,1,0,0,2,2,1,0,0,0,0,0,0,0,0,0,0,0,1,0,1,0,0,0,0,0,0,25.741,27.255,5
2023-wimbledon-1701,Carlos Alcaraz,Novak Djokovic,3:31:20,2,1,2,1,-1,1,2,1,1,2,0,0,0,0,1,0,0,0,0,0,0,0,0,0,0,0,0,0,0,36.659,32.905,9
2023-wimbledon-1701,Carlos Alcaraz,Novak Djokovic,3:32:08,2,1,2,2,0,0,1,2,0,0,0,0,0,0,0,0,0,0,0,1,0,1,0,0,0,0,0,0,0,27.334,29.792,5
2023-wimbledon-1701,Carlos Alcaraz,Novak Djokovic,3:32:56,2,1,2,2,1,0,1,2,1,0,0,0,0,0,1,0,0,0,0,0,1,0,1,0,0,0,0,0,0,25.959,24.598,6
2023-wimbledon-1701,Carlos Alcaraz,Novak Djokovic,3:33:46,2,1,2,2,0,0,1,1,0,0,0,0,0,0,0,0,0,0,1,0,0,0,0,0,0,0,0,0,0,11.339,12.646,3
2023-wimbledon-1701,Carlos Alcaraz,Novak Djokovic,3:34:15,2,1,2,2,1,0,1,1,1,0,0,0,0,0,0,0,0,1,0,1,0,0,0,0,0,0,0,0,0,9.536,6.996,2
2023-wimbledon-1701,Carlos Alcaraz,Novak Djokovic,3:34:49,2,1,2,2,0,0,1,1,1,0,0,0,0,0,0,0,0,0,0,0,0,0,0,0,0,0,0,0,0,20.723,34.85,6
2023-wimbledon-1701,Carlos Alcaraz,Novak Djokovic,3:35:30,2,1,2,2,-1,0,1,2,0,0,0,0,0,0,0,0,0,0,1,0,0,0,0,0,1,0,0,0,1,19.694,15.593,3
2023-wimbledon-1701,Carlos Alcaraz,Novak Djokovic,3:36:20,2,1,2,2,0,0,1,2,1,0,0,0,0,0,0,0,0,0,0,0,0,0,0,0,0,0,0,0,0,5.034,6.864,2
2023-wimbledon-1701,Carlos Alcaraz,Novak Djokovic,3:37:46,2,1,2,2,-1,1,1,1,0,0,0,0,0,1,0,0,0,0,0,1,0,1,0,0,1,0,0,0,1,10.476,22.59,3
2023-wimbledon-1701,Carlos Alcaraz,Novak Djokovic,3:38:20,2,1,2,2,0,0,1,1,1,0,0,0,0,0,0,0,0,0,0,0,0,0,0,0,0,0,0,0,0,13.966,19.392,4
2023-wimbledon-1701,Carlos Alcaraz,Novak Djokovic,3:39:00,2,1,2,2,-1,1,1,1,1,2,0,0,0,0,0,0,0,1,0,1,0,0,0,0,1,0,1,0,0,30.007,36.614,8
2023-wimbledon-1701,Carlos Alcaraz,Novak Djokovic,3:41:07,2,1,2,3,0,0,2,1,1,0,0,0,0,0,0,0,0,1,0,0,0,0,0,0,0,0,0,0,0,24.151,9.023,3
2023-wimbledon-1701,Carlos Alcaraz,Novak Djokovic,3:41:33,2,1,2,3,-1,0,2,1,0,0,0,0,0,1,0,0,0,0,0,0,0,0,0,0,0,0,0,0,0,29.751,22.614,8
2023-wimbledon-1701,Carlos Alcaraz,Novak Djokovic,3:42:14,2,1,2,3,0,0,2,1,1,0,0,0,0,0,1,0,0,0,0,0,1,0,1,0,0,0,0,0,0,23.423,9.914,3
2023-wimbledon-1701,Carlos Alcaraz,Novak Djokovic,3:42:43,2,1,2,3,-1,0,2,2,1,0,0,0,0,0,0,0,0,0,0,0,1,0,1,0,0,0,0,0,0,45.735,48.065,11
2023-wimbledon-1701,Carlos Alcaraz,Novak Djokovic,3:43:42,2,1,2,3,-2,0,2,2,0,0,0,0,0,1,0,0,0,0,0,0,0,0,0,0,0,0,0,0,0,18.502,21.113,6
2023-wimbledon-1701,Carlos Alcaraz,Novak Djokovic,3:44:35,2,1,2,3,-1,0,2,1,1,2,0,0,0,0,0,0,0,0,0,0,0,0,0,0,0,0,0,0,0,13.279,5.487,1
2023-wimbledon-1701,Carlos Alcaraz,Novak Djokovic,3:45:09,2,1,2,4,0,0,1,1,0,0,0,0,0,1,0,0,0,0,0,0,0,0,0,0,0,0,0,0,0,9.736,20.942,3
2023-wimbledon-1701,Carlos Alcaraz,Novak Djokovic,3:45:38,2,1,2,4,1,0,1,2,1,0,0,0,0,0,1,0,0,0,0,0,1,0,1,0,0,0,0,0,0,17.325,18.119,6
2023-wimbledon-1701,Carlos Alcaraz,Novak Djokovic,3:46:36,2,1,2,4,0,0,1,1,0,0,0,0,0,0,0,0,0,0,0,0,0,0,0,0,0,0,0,0,0,3.468,4.129,1
2023-wimbledon-1701,Carlos Alcaraz,Novak Djokovic,3:47:00,2,1,2,4,1,0,1,2,0,0,0,0,0,0,0,0,0,0,1,0,0,0,0,0,0,0,0,0,0,21.731,25.33,7
2023-wimbledon-1701,Carlos Alcaraz,Novak Djokovic,3:47:46,2,1,2,4,2,0,1,1,0,1,0,1,0,1,0,0,0,0,0,0,0,0,0,0,0,0,0,0,0,0.815,0.841,1
2023-wimbledon-1701,Carlos Alcaraz,Novak Djokovic,3:49:35,2,1,3,4,0,0,2,1,1,0,0,0,0,0,0,0,0,0,0,0,1,0,1,0,0,0,0,0,0,14.467,11.85,3
2023-wimbledon-1701,Carlos Alcaraz,Novak Djokovic,3:50:02,2,1,3,4,-1,0,2,2,1,0,0,0,0,0,0,0,0,0,0,0,0,0,0,0,0,0,0,0,0,45.02,36.415,9
2023-wimbledon-1701,Carlos Alcaraz,Novak Djokovic,3:50:56,2,1,3,4,-2,0,2,1,1,0,0,0,0,0,1,0,0,0,0,0,1,0,1,0,0,0,0,0,0,15.256,9.227,3
2023-wimbledon-1701,Carlos Alcaraz,Novak Djokovic,3:51:26,2,1,3,4,-3,0,2,1,1,2,0,0,0,0,0,0,0,0,0,0,0,0,0,0,0,0,0,0,0,8.461,4.064,1
2023-wimbledon-1701,Carlos Alcaraz,Novak Djokovic,3:52:02,2,1,3,5,0,0,1,1,1,0,0,0,0,0,1,0,0,0,0,0,0,0,0,0,0,0,0,0,0,18.748,35.124,4
2023-wimbledon-1701,Carlos Alcaraz,Novak Djokovic,3:52:30,2,1,3,5,-1,0,1,2,1,0,0,0,0,0,0,1,0,1,0,0,0,0,0,0,0,0,0,0,0,1.02,0.962,0
2023-wimbledon-1701,Carlos Alcaraz,Novak Djokovic,3:53:13,2,1,3,5,-2,0,1,2,1,0,0,0,0,0,0,0,0,0,0,0,0,0,0,0,0,0,0,0,0,8.514,13.07,2
2023-wimbledon-1701,Carlos Alcaraz,Novak Djokovic,3:53:55,2,1,3,5,-3,0,1,1,0,0,0,0,0,0,0,0,0,0,0,0,0,0,0,0,1,0,0,0,1,5.583,7.012,1
2023-wimbledon-1701,Carlos Alcaraz,Novak Djokovic,3:54:19,2,1,3,5,-2,0,1,2,1,2,2,0,0,0,0,1,0,1,0,0,0,0,0,0,1,0,1,0,0,3.777,4.493,0
2023-wimbledon-1701,Carlos Alcaraz,Novak Djokovic,3:57:11,2,2,0,0,0,0,2,2,1,0,0,0,0,0,0,0,0,0,0,1,0,0,0,0,0,0,0,0,0,24.728,15.65,5
2023-wimbledon-1701,Carlos Alcaraz,Novak Djokovic,3:57:58,2,2,0,0,-1,0,2,2,1,0,0,0,0,0,0,0,0,1,0,0,0,0,0,0,0,0,0,0,0,28.056,22.534,7
2023-wimbledon-1701,Carlos Alcaraz,Novak Djokovic,3:59:07,2,2,0,0,-2,0,2,2,0,0,0,0,0,1,0,0,0,0,0,0,0,0,0,0,0,0,0,0,0,7.73,4.64,2
2023-wimbledon-1701,Carlos Alcaraz,Novak Djokovic,3:59:51,2,2,0,0,-1,0,2,2,0,0,0,0,0,1,0,0,0,0,0,1,0,1,0,0,0,0,0,0,0,18.626,17.664,6
2023-wimbledon-1701,Carlos Alcaraz,Novak Djokovic,4:00:47,2,2,0,0,0,0,2,1,0,0,0,0,0,1,0,0,0,0,0,0,1,0,0,0,0,0,0,0,0,12.669,12.304,4
2023-wimbledon-1701,Carlos Alcaraz,Novak Djokovic,4:01:49,2,2,0,0,1,0,2,1,1,0,0,0,0,0,0,0,0,0,0,0,0,0,0,1,0,0,0,1,0,8.589,6.655,1
2023-wimbledon-1701,Carlos Alcaraz,Novak Djokovic,4:02:19,2,2,0,0,0,0,2,1,1,0,0,0,0,0,0,0,0,0,0,0,0,0,0,0,0,0,0,0,0,7.427,4.598,1
2023-wimbledon-1701,Carlos Alcaraz,Novak Djokovic,4:02:47,2,2,0,0,-1,1,2,2,0,0,0,0,0,1,0,0,0,0,0,0,1,0,0,0,0,0,0,0,0,57.056,52.126,14
2023-wimbledon-1701,Carlos Alcaraz,Novak Djokovic,4:04:02,2,2,0,0,0,0,2,1,1,0,0,0,0,0,0,0,0,0,0,0,0,0,0,0,0,0,0,0,0,2.138,1.318,1
2023-wimbledon-1701,Carlos Alcaraz,Novak Djokovic,4:04:31,2,2,0,0,-1,1,2,2,1,2,0,0,0,0,0,0,0,1,0,1,0,0,0,0,0,0,0,0,0,15.773,11.383,3
2023-wimbledon-1701,Carlos Alcaraz,Novak Djokovic,4:05:45,2,2,0,1,0,0,1,1,1,0,0,0,0,0,0,0,0,0,0,0,0,0,0,0,0,0,0,0,0,46.491,49.787,8
2023-wimbledon-1701,Carlos Alcaraz,Novak Djokovic,4:06:36,2,2,0,1,-1,0,1,1,0,0,0,0,0,1,0,0,0,0,0,0,0,0,0,0,0,0,0,0,0,19.304,43.241,5
2023-wimbledon-1701,Carlos Alcaraz,Novak Djokovic,4:07:12,2,2,0,1,0,0,1,2,1,0,0,0,0,0,0,0,0,1,0,0,0,0,0,0,0,0,0,0,0,6.127,8.362,2
2023-wimbledon-1701,Carlos Alcaraz,Novak Djokovic,4:07:59,2,2,0,1,-1,0,1,1,0,0,0,0,0,0,0,0,0,0,0,0,0,0,0,0,0,0,0,0,0,11.511,19.837,3
2023-wimbledon-1701,Carlos Alcaraz,Novak Djokovic,4:08:33,2,2,0,1,0,0,1,2,1,0,0,0,0,0,0,0,0,0,0,0,0,0,0,0,0,0,0,0,0,16.367,14.441,4
2023-wimbledon-1701,Carlos Alcaraz,Novak Djokovic,4:09:19,2,2,0,1,-1,0,1,1,0,0,0,0,0,0,0,0,0,0,0,0,0,0,0,0,1,0,0,0,1,70.542,65.59,17
2023-wimbledon-1701,Carlos Alcaraz,Novak Djokovic,4:10:25,2,2,0,1,0,0,1,2,0,0,0,0,0,1,0,0,0,0,0,0,0,0,0,0,0,0,0,0,0,9.154,10.895,3
2023-wimbledon-1701,Carlos Alcaraz,Novak Djokovic,4:11:15,2,2,0,1,1,1,1,2,0,1,0,0,0,1,0,0,0,0,0,0,0,0,0,0,0,0,0,0,0,24.903,26.24,7
2023-wimbledon-1701,Carlos Alcaraz,Novak Djokovic,4:12:24,2,2,1,1,0,0,2,1,0,0,0,0,0,1,0,0,0,0,0,0,0,0,0,0,0,0,0,0,0,30.085,27.675,8
2023-wimbledon-1701,Carlos Alcaraz,Novak Djokovic,4:13:06,2,2,1,1,1,0,2,1,1,0,0,0,0,0,0,0,0,0,0,0,0,0,0,0,0,0,0,0,0,14.747,10.949,3
2023-wimbledon-1701,Carlos Alcaraz,Novak Djokovic,4:13:38,2,2,1,1,0,0,2,2,0,0,0,0,0,1,0,0,0,0,0,1,0,1,0,0,0,0,0,0,0,26.608,21.128,8
2023-wimbledon-1701,Carlos Alcaraz,Novak Djokovic,4:14:55,2,2,1,1,1,0,2,1,1,0,0,0,0,0,0,0,0,0,0,0,0,0,0,0,0,0,0,0,0,17.807,9.745,3
2023-wimbledon-1701,Carlos Alcaraz,Novak Djokovic,4:15:28,2,2,1,1,0,0,2,1,0,0,0,0,0,0,0,0,0,0,1,0,0,0,0,0,0,0,0,0,0,8.418,5.321,2
2023-wimbledon-1701,Carlos Alcaraz,Novak Djokovic,4:16:05,2,2,1,1,1,0,2,1,0,1,0,0,0,1,0,0,0,0,0,0,1,0,0,1,0,1,0,0,0,59.324,45.194,14
2023-wimbledon-1701,Carlos Alcaraz,Novak Djokovic,4:18:08,2,2,2,1,0,0,1,1,0,0,0,0,0,0,0,0,0,0,0,0,0,0,0,0,0,0,0,0,0,4.242,5.111,1
2023-wimbledon-1701,Carlos Alcaraz,Novak Djokovic,4:18:35,2,2,2,1,1,0,1,1,0,0,0,0,0,0,0,0,0,0,0,0,0,0,0,0,0,0,0,0,0,4.133,5.952,1
2023-wimbledon-1701,Carlos Alcaraz,Novak Djokovic,4:19:02,2,2,2,1,2,0,1,1,0,0,0,0,0,0,0,0,0,0,0,0,0,0,0,0,0,0,0,0,0,7.917,10.188,1
2023-wimbledon-1701,Carlos Alcaraz,Novak Djokovic,4:19:28,2,2,2,1,3,0,1,1,0,1,0,1,0,1,0,0,0,0,0,0,0,0,0,0,0,0,0,0,0,0.851,0.676,1
2023-wimbledon-1701,Carlos Alcaraz,Novak Djokovic,4:20:10,2,2,3,1,0,0,2,2,1,0,0,0,0,0,0,0,0,0,0,0,0,0,0,0,0,0,0,0,0,3.344,3.502,1
2023-wimbledon-1701,Carlos Alcaraz,Novak Djokovic,4:20:49,2,2,3,1,-1,0,2,1,1,0,0,0,0,0,0,0,0,0,0,0,0,0,0,0,0,0,0,0,0,8.14,5.047,1
2023-wimbledon-1701,Carlos Alcaraz,Novak Djokovic,4:21:13,2,2,3,1,-2,0,2,1,1,0,0,0,0,0,0,0,0,0,0,0,0,0,0,0,0,0,0,0,0,10.781,2.412,1
2023-wimbledon-1701,Carlos Alcaraz,Novak Djokovic,4:21:35,2,2,3,1,-3,0,2,2,0,0,0,0,0,0,0,0,0,0,1,0,0,0,0,0,0,0,0,0,0,10.657,8.966,2
2023-wimbledon-1701,Carlos Alcaraz,Novak Djokovic,4:22:15,2,2,3,1,-2,0,2,1,1,2,0,0,0,0,0,0,0,0,0,0,0,0,0,0,0,0,0,0,0,20.456,10.654,3
2023-wimbledon-1701,Carlos Alcaraz,Novak Djokovic,4:23:53,2,2,3,2,0,0,1,2,1,0,0,0,0,0,0,0,0,0,0,0,1,0,1,0,0,0,0,0,0,20.512,19.453,4
2023-wimbledon-1701,Carlos Alcaraz,Novak Djokovic,4:24:40,2,2,3,2,-1,0,1,2,0,0,0,0,0,0,0,0,0,0,0,1,0,1,0,0,0,0,0,0,0,10.757,12.306,3
2023-wimbledon-1701,Carlos Alcaraz,Novak Djokovic,4:25:26,2,2,3,2,0,0,1,1,1,0,0,0,0,0,0,0,0,0,0,0,0,0,0,0,0,0,0,0,0,13.286,22.353,2
2023-wimbledon-1701,Carlos Alcaraz,Novak Djokovic,4:25:55,2,2,3,2,-1,0,1,2,0,0,0,0,0,0,0,0,0,0,0,0,0,0,0,0,0,0,0,0,0,4.419,6.353,1
2023-wimbledon-1701,Carlos Alcaraz,Novak Djokovic,4:26:37,2,2,3,2,0,0,1,1,0,0,0,0,0,0,0,0,0,0,1,0,0,0,0,0,0,0,0,0,0,14.776,13.091,3
2023-wimbledon-1701,Carlos Alcaraz,Novak Djokovic,4:27:09,2,2,3,2,1,0,1,1,0,1,0,1,0,1,0,0,0,0,0,0,0,0,0,0,0,0,0,0,0,0.766,0.767,1
2023-wimbledon-1701,Carlos Alcaraz,Novak Djokovic,4:27:39,2,2,4,2,0,0,2,1,1,0,0,0,0,0,0,0,0,0,0,0,0,0,0,0,0,0,0,0,0,5.634,2.917,1
2023-wimbledon-1701,Carlos Alcaraz,Novak Djokovic,4:27:54,2,2,4,2,-1,0,2,1,0,0,0,0,0,1,0,0,0,0,0,0,0,0,0,0,0,0,0,0,0,8.655,9.243,4
2023-wimbledon-1701,Carlos Alcaraz,Novak Djokovic,4:28:40,2,2,4,2,0,0,2,1,1,0,0,0,0,0,0,0,0,0,0,0,1,0,1,0,0,0,0,0,0,48.552,35.878,9
2023-wimbledon-1701,Carlos Alcaraz,Novak Djokovic,4:29:22,2,2,4,2,-1,0,2,1,0,0,0,0,0,1,0,0,0,0,0,0,1,0,0,0,0,0,0,0,0,14.99,9.497,4
2023-wimbledon-1701,Carlos Alcaraz,Novak Djokovic,4:29:59,2,2,4,2,0,0,2,2,1,0,0,0,0,0,1,0,0,0,0,0,0,0,0,0,0,0,0,0,0,14.929,7.187,3
2023-wimbledon-1701,Carlos Alcaraz,Novak Djokovic,4:30:59,2,2,4,2,-1,0,2,1,1,2,0,0,0,0,0,0,0,0,0,0,0,0,0,0,0,0,0,0,0,15.338,13.049,3
2023-wimbledon-1701,Carlos Alcaraz,Novak Djokovic,4:32:45,2,2,4,3,0,0,1,1,1,0,0,0,0,0,0,0,0,1,0,0,0,0,0,0,0,0,0,0,0,15.451,51.222,4
2023-wimbledon-1701,Carlos Alcaraz,Novak Djokovic,4:33:13,2,2,4,3,-1,0,1,2,0,0,0,0,0,0,0,0,0,0,0,0,0,0,0,0,0,0,0,0,0,5.732,5.259,1
2023-wimbledon-1701,Carlos Alcaraz,Novak Djokovic,4:33:51,2,2,4,3,0,0,1,2,0,0,0,0,0,0,0,0,0,0,0,0,0,0,0,0,0,0,0,0,0,18.146,16.37,5
2023-wimbledon-1701,Carlos Alcaraz,Novak Djokovic,4:34:38,2,2,4,3,1,0,1,1,0,0,0,0,0,1,0,0,0,0,0,0,0,0,0,0,0,0,0,0,0,9.024,13.154,3
2023-wimbledon-1701,Carlos Alcaraz,Novak Djokovic,4:35:05,2,2,4,3,2,0,1,2,0,1,0,1,0,1,0,0,0,0,0,0,0,0,0,0,0,0,0,0,0,6.489,7.329,1
2023-wimbledon-1701,Carlos Alcaraz,Novak Djokovic,4:35:50,2,2,5,3,0,0,2,1,1,0,0,0,0,0,1,0,0,0,0,0,1,0,1,0,0,0,0,0,0,17.628,14.786,5
2023-wimbledon-1701,Carlos Alcaraz,Novak Djokovic,4:36:18,2,2,5,3,-1,0,2,1,1,0,0,0,0,0,0,0,0,0,0,0,0,0,0,0,0,0,0,0,0,22.495,11.196,1
2023-wimbledon-1701,Carlos Alcaraz,Novak Djokovic,4:36:44,2,2,5,3,-2,0,2,1,1,0,0,0,0,0,0,0,0,0,0,0,0,0,0,0,0,0,0,0,0,8.686,7.679,1
2023-wimbledon-1701,Carlos Alcaraz,Novak Djokovic,4:37:13,2,2,5,3,-3,0,2,1,0,0,0,0,0,0,0,0,0,0,0,0,0,0,0,0,0,0,0,0,0,16.135,6.657,2
2023-wimbledon-1701,Carlos Alcaraz,Novak Djokovic,4:37:38,2,2,5,3,-2,0,2,2,1,2,0,0,0,0,0,0,0,0,0,0,0,0,0,0,0,0,0,0,0,4.15,3.609,1
2023-wimbledon-1701,Carlos Alcaraz,Novak Djokovic,4:39:31,2,2,5,4,0,0,1,1,1,0,0,0,0,0,0,0,0,1,0,0,0,0,0,0,0,0,0,0,0,6.772,10.303,2
2023-wimbledon-1701,Carlos Alcaraz,Novak Djokovic,4:39:58,2,2,5,4,-1,0,1,1,0,0,0,0,0,1,0,0,0,0,0,0,1,0,0,0,0,0,0,0,0,38.62,50.971,11
2023-wimbledon-1701,Carlos Alcaraz,Novak Djokovic,4:40:43,2,2,5,4,0,0,1,1,0,0,0,0,0,1,0,0,0,0,0,1,0,1,0,0,0,0,0,0,0,17.533,27.766,5
2023-wimbledon-1701,Carlos Alcaraz,Novak Djokovic,4:41:20,2,2,5,4,1,0,1,1,1,0,0,0,0,0,1,0,0,0,0,0,0,0,0,0,0,0,0,0,0,10.882,18.328,4
2023-wimbledon-1701,Carlos Alcaraz,Novak Djokovic,4:41:52,2,2,5,4,0,0,1,1,0,0,0,0,0,0,0,0,0,0,0,0,0,0,0,0,0,0,0,0,0,7.893,10.537,1
2023-wimbledon-1701,Carlos Alcaraz,Novak Djokovic,4:42:27,2,2,5,4,1,0,1,1,0,1,1,0,0,0,0,0,0,0,0,1,0,1,0,0,0,0,0,0,0,17.811,25.367,3
